genus,wd_avg2
Fuuoieu,0.7944189236111111
Okafol,0.3
Ejobuo,0.5111111111111111
Fecuuyel,0.6950000000000001
Aioaaham,0.8255
Coiou,0.715
Umonawio,0.6688155363155364
Lotae,0.633
Ooaqoriel,0.41595925925925925
Ayanamoi,0.6672265625
Uajaexafeo,0.824125
Aqibitoax,0.37
Huyei,0.6505333333333333
Inufafu,0.5576630237046903
Naaaihe,0.4023541666666667
Iiihituoc,0.958
Iahueteve,0.38
Iuurebioe,0.67
Ievouriuig,0.6084166666666667
Ebogaxue,0.51775
Noyiide,0.4050740740740741
Orovuioaco,0.5071666666666667
Yisiueuye,0.6786666666666666
Unaeub,0.5759166666666666
Veueezas,0.4554948717948718
Ohilupeo,0.58
Moyao,0.625
Osizopiayo,0.8243333333333334
Mevooea,0.9164999999999999
Uyequneeiu,0.7258333333333333
Nuzaexomir,0.6167142857142858
Ekowayuu,0.9750000000000001
Joeeerahao,0.4544904761904762
Ipiziea,0.7827708333333333
Amuva,0.7307142857142858
Haseiv,0.5458958333333334
Aluyi,0.824
Eizia,0.45964285714285713
Obiheduau,0.446796875
Yeeoesocal,0.291
Uqate,0.7999090909090909
Ioaaaza,0.5377777777777778
Uzuoequopu,0.69
Yidoufeoub,0.68533333333333335
Uhawebu,0.40875
Mipaum,0.3815263157894737
Ehogeuoe,0.6575333333333333
Faxuo,0.48659166666666664
Itujibuori,0.8065
Rozuauixu,0.2449653846153846
Ooubeia,0.5766666666666667
Hieiowuqil,0.4464705882352941
Eyiooau,0.765
Povaebazuj,0.47150000000000003
Ilomo,0.66
Aakuero,0.4029166666666667
Uguleyo,0.5909285714285715
Ieaauneax,0.4864588744588745
Zoleecu,0.7561549523809524
Juruo,0.46
Etimoh,0.8352542735042735
Aeteidaba,0.326
Quoioyijez,0.37785185185185183
Efasu,0.7517777777777778
Vuioeqiw,0.5384
Ikasohei,0.6664687499999999
Yieeagezi,0.5768333333333333
Poqaoge,0.6240909090909091
Enowejo,0.723625
Misea,0.7154545454545455
Uxeuuvua,0.38116666666666665
Yoiiieek,0.664625
Usahecuaku,0.495
Loeuaf,0.772
Elixofaok,0.50403125
Ofusupe,0.7553333333333333
Aqeditee,0.5630095238095238
Aiuso,0.8310833333333334
Peeoaxug,0.6244998316498316
Exeauq,0.5193705357142857
Tinio,0.5959090909090909
Eauna,0.68525
Ibufut,0.8831
Uweua,0.35841666666666666
Tusoa,0.87
Iwaloj,0.594
Guuaocae,0.5
Erojemeez,0.7066666666666666
Luguivinu,0.73
Ijoualia,0.5999230769230769
Kemooraxi,0.6
Uzueowoi,0.5608841991341992
Zofoaii,0.6567883116883118
Ikomunuey,0.40449999999999997
Deauouex,0.4615
Ulafufueju,0.31125
Padaac,0.3905892857142857
Devaoeah,0.6125
Irebuvouc,0.31083333333333335
Hazoih,0.43333333333333335
Udeai,0.6519102564102565
Ueaau,0.935
Iruhaha,0.66275
Puseefiw,0.7849999999999999
Ucagizii,0.35
Piiiua,0.615
Aeoqi,0.5468739837398374
Iloueliii,0.7132555555555555
Losuouenur,0.7383333333333333
Ijetia,0.7833333333333333
Cecauze,0.36693333333333333
Izene,0.42
Piuaaia,0.3036
Uueaia,0.48290041135335254
Oubaememei,0.44
Apipayuon,0.5315
Atimav,0.45
Ikuaavi,0.62858
Uuoraliuwu,0.7618071428571428
Pejeegij,0.5672199074074074
Iduxe,0.5675
Zuraisaho,0.8318214285714286
Ulakaiau,0.33983503401360543
Sasiiha,0.40695238095238095
Ahetoieuk,0.35279666666666665
Oosuixe,0.568944671201814
Ehukibeaie,0.6046666666666667
Oteyoqui,0.7072499999999999
Cigieboy,0.6827037037037037
Zuluuq,0.49666666666666665
Aeueaz,0.6613333333333333
Jaluuporev,0.5566666666666666
Mozaayux,0.77575
Acinajoe,0.6623822222222222
Ugebulooh,0.5482
Ulahu,0.46489343434343433
Bajuovot,0.827
Azikakaoba,0.7433333333333333
Oijuu,0.355
Iiiie,0.6517999999999999
Cojouni,0.32235
Avadoaoi,0.5365
Wojaooul,0.6
Oiecit,0.6764285714285715
Akosed,0.686923076923077
Ieiiozez,0.23658333333333334
Tixius,0.47426666666666667
Ozuhebu,0.633
Eemeaaer,0.6833333333333333
Egieof,0.5950238095238095
Ezuno,0.35860000000000003
Hiraoh,0.912
Ujaduzaos,0.806
Ehimig,0.4060972222222222
Viiieeoj,0.6123430555555556
Monoak,0.5668827505827506
Auipiaia,0.5982857142857143
Puxoiral,0.6
Eliyiooot,0.8284604938271605
Aikoedaw,0.6129666666666667
Ikiwil,0.8946666666666667
Rueaepehiu,1.03
Miyaiio,0.41200000000000003
Evaoiqa,0.4835833333333333
Veuuioi,0.6194999999999999
Enataviiq,0.4111666666666667
Leneisiv,0.5836838095238095
Ujoxoxoi,0.6719999999999999
Wuteule,0.702
Uhekofia,0.5039992753623188
Zufoeqotu,0.7773725490196078
Iyeqeh,0.5628999493414387
Tecoujucuv,0.75275
Acequri,0.61425
Waqiugag,0.65
Obeyipa,0.403
Ruaei,0.7788421052631579
Ocugiheo,0.5516666666666666
Rahuuyevin,0.8122744444444444
Unouui,0.714
Upiuoqeu,0.45125000000000004
Peziez,0.5707307516155342
Euulis,0.7812902157738095
Isiyolia,0.4762
Fajoiraf,0.452254329004329
Ieaie,0.64
Sogiedokau,0.717
Itociweazi,0.57875
Oxediki,0.19133333333333333
Bocie,0.3899166666666667
Ivejaluo,0.919
Qaruaiogec,0.7
Imiqagaa,0.825223050758765
Izecaw,0.99
Necaejes,0.5746249999999999
Ulisevoauu,0.6179920634920635
Xukaofi,0.8049999999999999
Eaexu,0.6955
Eateooe,0.6801150724637681
Agana,1.08
Iezuewipej,0.667
Imiiakuo,0.6563286749482402
Kueeereti,0.9024861111111111
Isawihoobi,0.3396
Aduvexioba,0.6045714285714285
Liruew,0.4355
Ubizar,0.484
Xejoie,0.579
Omeougeuko,0.42933333333333334
Colaose,0.459375
Unavouee,0.84
Wudoeae,0.40750000000000003
Ouuticued,0.6948263888888889
Yuzia,0.3556666666666667
Kaxoawe,0.72885
Uquvoeau,0.5533333333333333
Daiiago,0.6210435897435898
Auiuiroata,0.4992166666666667
Oqaiavoi,0.5111047149122807
Efuueni,0.6789999999999999
Zauioqu,0.33825
Afofi,0.42833333333333334
Exozodoa,0.5376296296296296
Bahuawutaq,0.5056527777777777
Udaio,0.8268333333333333
Iefiaaaru,0.523
Ahupam,0.6071
Abome,0.2786666666666667
Haeoaoi,0.844997619047619
Oayiehicu,0.91
Efabolo,0.7896111111111112
Euveika,0.8328518518518518
Eiioijeee,1.0766666666666667
Teeaapok,0.8329136313941161
Oeenidu,0.7767277777777778
Eloyah,0.457
Wihaoripel,0.52
Iciootuah,0.38766666666666666
Kaqeoho,0.5607083333333334
Unorihuo,0.5840000000000001
Cocoi,0.7253333333333333
Uzuuuaia,0.5725
Fubais,0.40468231707317076
Imeneboooi,0.501
Uzevecoo,0.369375
Xosieri,0.7825
Oduxin,0.68575
Ixupuduep,0.424
Owebuyaelo,0.7018333333333333
Uuvoonaean,0.7450206666666667
Udicib,0.6804444444444444
Kipeeio,0.5972999999999999
Bepao,0.756909090909091
Orucaneilo,0.6484444444444445
Mituuuime,0.8905000000000001
Ugilunei,0.6175
Augeu,0.5886857142857143
Azelaoaeya,0.4705916666666667
Lijualux,0.52
Ufufuc,0.3494
Bideo,0.5185
Apaeukoed,0.695
Bugaidi,0.5844333333333334
Auubuo,0.62
Kubiogavug,0.6196611721611722
Esiwey,0.5425384615384616
Natoaqac,0.699
Otudujaed,0.7853435626102293
Asouemi,1.1
Jusoaliruy,0.8483333333333333
Unejiuue,0.2535
Cimue,0.9245000000000001
Oreuaaoa,0.5
Qazao,0.3175
Uxilamii,0.56
Cupeezuxuw,0.9023123626373627
Izamuleeni,0.7826
Cijuiue,0.46699999999999997
Ifociwoogi,0.53
Fiteeoat,0.45
Geieifao,0.69625
Uaefidois,0.2992666666666667
Gukuuxuni,0.574
Aletiuaaca,0.6894562464985995
Sueiouo,0.283125
Ataju,0.395
Givoopo,0.4831369047619048
Acooa,0.5733333333333334
Lobeiyusen,0.48857142857142855
Ebalud,0.6697697368421053
Meruueuiup,0.7934015151515151
Atoiariiga,0.5485
Qokuaqag,0.5549166666666667
Iiusaqoe,0.28300000000000003
Koyaozo,0.6957401960784314
Ieabakeof,0.715683908045977
Eosouqoc,0.6930357142857142
Emaziuou,0.3736666666666667
Ooluajowii,0.7869999999999999
Ukowae,0.8115992063492063
Oukaubayu,0.702
Idegewuuei,0.456
Miyoi,0.6422083333333334
Aeauebuo,0.5627
Folai,0.5766276353276354
Arafiveo,0.6866060606060606
Tasue,0.43499999999999994
Epinaxi,0.8195694444444445
Xadii,0.6849375
Iojoaqujiy,0.7928571428571428
Akopubi,0.47876296296296295
Iefouueta,0.21250000000000002
Axonuz,0.325
Jewie,0.4670925925925926
Aqaqa,0.6857222222222222
Nowuaaam,0.5166675831186358
Auabadie,0.6319999999999999
Yavaama,0.508
Uloyesaipu,0.9243846153846154
Decioloqu,0.4286666666666667
Exitem,0.7341
Wamuofir,0.623
Finui,0.513125
Ulukuloedu,0.634525
Mixeel,0.8216666666666667
Otajoeiizo,0.5943666666666667
Eizuauoki,0.61
Uguve,0.4524166666666667
Zofaemam,0.7050000000000001
Maquahunas,0.784
Visuieao,0.8933333333333333
Abivi,0.8124305555555555
Ehekigei,0.5700000000000001
Umemare,0.6575
Gotouiuu,0.5417185185185185
Nijeevuh,0.7668888888888888
Ehaauuoaz,0.9808
Jixiis,0.6786666666666666
Tapaaga,1.1400333333333332
Elajokio,0.8428911764705882
Ooiia,0.56
Ufaoui,0.7
Qukio,0.598297619047619
Obiloxiufo,0.8625714285714285
Fegoa,0.6819662878787879
Euoroquet,0.4231484295845998
Euveiho,0.7585052083333333
Etomisaede,0.84445
Ligousu,0.5104210526315789
Exoyoqoou,0.5683333333333334
Apiro,0.698375
Gebuuvowi,0.7244444444444444
Ikedos,0.38501351351351354
Aiuoudi,0.76344
Uouqimea,0.6593118279569893
Iijuubeke,0.676
Ooesiyaaco,0.3835
Ubobiqail,0.48289144144144147
Erexani,0.4949190476190476
Zoduew,0.7786041666666667
Uriuo,0.49696875
Yabeuxe,0.8885524720893142
Uuehanairu,0.7232291666666666
Xayuexaia,0.588
Ewura,0.8345266666666666
Fijiuzey,0.6773333333333333
Rahaecovar,0.5973125
Udewov,0.758
Seiuuhaeah,0.7713333333333333
Jejaenax,0.7025
Emumodeae,0.391
Guxaiwuua,0.4224
Ioeduf,0.9016666666666666
Yuaeo,0.4307392857142857
Uhoueguad,0.47889393939393937
Favuoxih,0.7479
Yalia,0.5525
Iqupage,0.6292222222222222
Xohoob,0.4808095238095238
Ohueoiia,0.62
Umodoiuu,0.5552133333333333
Nanoie,0.7075625
Uyeguaa,0.8453055555555555
Daieef,0.7867142857142857
Apujaheuc,0.5242113095238096
Mojiaaufib,0.7075
Acudu,0.49
Rexeovayo,0.5138181818181818
Piciate,0.758
Loliaaov,0.6
Ujulapei,0.5325
Rogiueuz,0.262
Iceuoieev,0.771
Oivuim,0.51
Atelaxiul,0.5949222222222222
Uiiai,0.8182666666666667
Fecooqo,0.3
Itivo,0.7594444444444444
Oihaaoa,0.24283333333333335
Hakuu,0.8062857142857143
Ahuaociaqa,0.7765555555555556
Buqeena,0.7849999999999999
Olezusiodo,0.4495
Ifenepiev,0.45681333333333335
Qezuunuf,0.83
Eresa,0.8003809523809524
Voyaazoo,0.695025641025641
Egavik,0.576852876592007
Bigoiw,0.562775641025641
Axoouto,0.5414583333333334
Danooziua,0.6483076923076924
Poyaoea,0.7478857142857143
Ijaeu,0.6751666666666667
Ijuci,0.5879955555555556
Oaefipioio,0.661
Oajaeh,0.746125
Unukig,0.16173333333333334
Toxauka,0.5369086538461538
Uqumoiouh,0.688
Hoseouen,0.301
Isakomoi,0.771
Nenouwid,0.8374999999999999
Aeamogoi,0.7461927083333333
Yuueuqai,0.55
Jihou,0.7492
Onazowaawo,0.52
Ledooho,0.742
Iuaeoqoo,0.5790563492063492
Epiiub,0.37
Nuheoauki,0.3968333333333333
Bemeoxetep,0.7428750000000001
Ibasi,0.715
Togeoio,0.4662743055555556
Uraoiiu,0.5580166666666667
Eeori,0.565
Ipevee,0.5026666666666667
Tubei,0.30957142857142855
Emusuleik,0.5640740740740741
Ujequp,0.62
Yimia,0.677053125
Ukotakiou,0.46543115384615386
Zunooludar,0.6122
Qobouzu,0.59
Iaasuzauei,0.63956
Eauead,0.94
Elofis,0.7024848484848485
Vadia,0.6828333333333334
Ijueajoic,0.6836
Iiuzigeaji,0.6869166666666666
Mohoo,0.5998611111111111
Ueceil,0.6765
Qajuusaweo,0.771
Eioiub,0.5121861111111111
Aoeeume,0.5562307692307692
Ilidaqo,0.78
Voweo,0.7543
Emequ,0.775
Pefiuei,0.935
Eeuuazeaf,NA
Wokau,0.3935
Umaoi,0.6050869565217392
Gahiid,0.33
Ozubetoofo,0.6933333333333334
Woeui,0.37722222222222224
Ueagicoe,0.6996666666666667
Juceu,0.6835
Ifueesua,0.6135
Eyukafie,0.7413333333333333
Wigoocejix,0.60775
Ayuqeyui,0.67575
Vuraupage,0.80753125
Neioupex,0.65
Ovazeyai,0.48373125
Oaciuie,0.735
Odeloie,0.393
Kolaocotog,0.545875
Aaifaduu,0.3750833333333333
Yayoeha,0.6745769230769231
Ouabe,0.59475
Lamoe,0.5748888888888889
Eeaqicuev,0.3504285714285714
Eaoqelei,0.3772185185185185
Madeeqaeai,0.7200459770114942
Aiudi,0.5768571428571428
Yedaoiovu,0.4672409523809524
Idefaliu,0.7713630952380952
Dicial,0.663
Elaja,0.5701183333333333
Dupiiauce,0.5873928571428572
Todiici,0.2886111111111111
Esiwoeaak,0.62
Fupoatapur,0.6662824074074074
Uturooouv,0.8693166666666667
Hikieni,0.5640000000000001
Uxoge,0.7034833333333333
Ugokubae,0.6266918067226891
Qokeuzague,0.32
Irieiveiy,0.5145833333333333
Zokuaga,0.5331142857142858
Usisa,0.4089
Sigeui,0.68
Aoolux,0.3746875
Leooajuqu,0.7076583020050126
Unoxoqaa,0.849
Aaleus,0.5087333333333334
Imobedueo,0.7426666666666666
Coluaxefo,0.4863452380952381
Iqukabuiu,0.8731020408163265
Agifaoua,0.2106
Yiroau,0.6810454545454545
Xekaogoho,0.6415
Otipedioto,0.7919047619047619
Huvaa,0.39927179487179487
Awegeq,0.76
Aakaak,0.44633333333333336
Aeiyuk,0.424125
Cuhio,0.5770416666666667
Ayivaoead,0.7026583333333334
Guqaom,0.4099920634920635
Ecizujiawe,0.605
Nacuivii,0.8784166666666666
Ebezo,0.4106
Igali,0.4372672619047619
Piqei,0.5525625000000001
Ivuee,0.5866666666666667
Aetuu,0.16949999999999998
Utuvoo,0.4491111111111111
Dicoov,0.89675
Cubau,0.70625
Oziwewoud,0.4885
Motue,0.72375
Iyeboliu,0.5720000000000001
Iioxiaeix,0.5074444444444445
Eriuado,0.3458333333333333
Opopoy,0.8225757575757576
Eoyouy,0.6555625
Iyinoweub,0.439
Osoaubool,0.5248888888888888
Aabuicao,0.5837393333333333
Ewizuua,0.8742142857142857
Kibeoiifi,0.5571777777777778
Ehobuqei,0.6783333333333333
Gowoexaaoo,0.6094880208333333
Igusifea,0.41185714285714287
Bevuovaxau,0.6825
Odibocooz,0.5174166666666666
Ikooad,0.56
Kikaoaou,0.35050000000000003
Utowo,0.5449999999999999
Qapiucebe,0.825
Uyulipoeo,0.645
Aicaikupu,0.3528675
Uoalixiaq,0.6915
Ocoqioaio,0.7905263157894737
Odiook,0.581
Iagoeea,0.55
Unaiiuaiw,0.4134521505376344
Kuteofuzao,0.6734375
Yoroeqauig,0.7371666666666666
Icaau,0.633
Fueaoso,0.32999999999999996
Ofolapo,0.7000694444444445
Yuwua,0.663
Ilueuoii,0.6898055555555556
Bogauauoo,0.4076190476190476
Oxupota,0.8470353535353535
Saruuoehos,0.5731818181818182
Ogaboji,0.62565
Hekoulifaj,0.6331285714285714
Eciuoauu,0.5388116883116884
Gobiaueze,0.6775
Oaauedac,0.6763790598290599
Iooiol,0.6502347222222222
Alacoc,0.5276071428571428
Dicouluge,0.5733695652173914
Ioyie,0.4683333333333333
Aqamap,0.8390595238095238
Oacoei,0.9784
Ofouif,0.375
Befuauu,0.46599999999999997
Urayiy,0.8060394736842105
Joguew,0.55425
Iheraeo,0.6538531378262815
Nujuohiz,0.7865
Egouu,0.6387
Sebueguf,0.5556190476190477
Uapouh,0.712547619047619
Ifovepoaki,0.307
Jomooeig,0.5700000000000001
Azuxuwe,0.4545
Qigiopet,0.5316
Idoioiu,0.6518333333333333
Wabuefoju,0.67
Uceyeyuu,0.5849074074074074
Neiuutez,0.614
Ifagos,0.43725
Lutouholiw,0.52975
Gezaisokoy,0.33825
Oxoruyai,0.6479311594202899
Meceif,0.6022000000000001
Aouuel,0.324
Ocepiaauho,0.499
Eogoib,0.5336326530612245
Eougixeole,0.3345
Oakoaii,0.8664444444444445
Aceiueaiva,0.5911666666666667
Noroafiiul,0.394
Uxuaamuu,0.4934545454545455
Boriej,0.6263415584415585
Ocihiqaebo,0.5395833333333333
Qipeoki,0.534375
Ajezooei,0.32355555555555554
Aiutiye,0.54
Fazua,0.7418
Aqayeleeg,0.6726666666666666
Kahiemeyaa,0.7207954545454546
Udilezua,0.626
Tinaogadi,0.6945
Utateneoz,0.631
Qusaeremu,0.48810833333333337
Avejiio,0.4930833333333333
Aoiwimai,0.5694305555555556
Xezoasik,0.4868153409090909
Wunaeaan,0.6118541666666666
Ukoguw,0.4
Gacoezi,0.6518333333333333
Epola,0.78
Xuduucoz,0.556
Edohokais,0.708076923076923
Uupoo,0.92125
Caqoitu,0.8666666666666666
Odoluloih,0.58275
Texaabouuq,0.5981434523809523
Evomaciar,0.7945
Veviujob,0.6179822510822511
Egeiuu,0.7050555555555555
Huouokul,0.563
Aaamobaoka,0.8127575757575758
Qixoute,NA
Uqeaeb,NA
Imoriveoi,NA
Ayeiasiuza,NA
Gimaouu,NA
Zituokut,NA
Huieujemey,NA
Uoepuq,NA
Kuruuyoqu,NA
Uigeekiyi,NA
Ucomuoue,NA
Ixevuo,NA
Ihujareit,NA
Reiaecao,NA
Guhue,NA
Eayuoa,NA
Moques,NA
Jogioqaqen,NA
Oiexo,NA
Natuuca,NA
Amewe,NA
Vaeuof,NA
Pomeifie,NA
Xuvaa,NA
Gauiij,NA
Yuoeaco,NA
Xipoeheu,NA
Koceajag,NA
Eoetena,NA
Ukoiaoaii,NA
Riheud,NA
Voeuuju,NA
Fupaaducef,NA
Uguuolieiu,NA
Aekeawu,NA
Qevoex,NA
Ukipa,NA
Ihevejeam,NA
Awuoatoa,NA
Wogaotaj,NA
Podiizu,NA
Aukao,NA
Qiiaayuw,NA
Yoyail,NA
Obewov,NA
Dehaibel,NA
Suiuequ,NA
Ukiaocoeou,NA
Nereeouyai,NA
Okeoa,NA
Uvasa,NA
Weceoeibit,NA
Tacougopii,NA
Lupaa,NA
Aimuusan,NA
Uibaucade,NA
Eiebexi,NA
Sucoage,NA
Jihuif,NA
Doiuebuver,NA
Biooeviv,NA
Abiyux,NA
Zuiou,NA
Oliwugue,NA
Miliase,NA
Evoiukait,NA
Olouaweus,NA
Uuguu,NA
Eromuquez,NA
Vaviaki,NA
Otijaeu,NA
Luhoigo,NA
Ehuuofou,NA
Ekediwe,NA
Ipasesaoci,NA
Acukioieg,NA
Yineir,NA
Faveohami,NA
Awexayou,NA
Faoia,NA
Uuosede,NA
Ewivibiege,NA
Qubiodate,NA
Rosaubuna,NA
Juwoacepa,NA
Moeeis,NA
Axulozeuea,NA
Ubakizou,NA
Doyauyuma,NA
Uaugoseu,NA
Ogeou,NA
Iiemupu,NA
Koduisuyi,NA
Eyaeoq,NA
Papiape,NA
Aoumeko,NA
Iqiaud,NA
Kaaaofalej,NA
Ixuwuyeeqi,NA
Mouiumipi,NA
Okusudeo,NA
Ooreuaom,NA
Tefouma,NA
Oluna,NA
Mujuujun,NA
Uheoola,NA
Osake,NA
Vaviecizo,NA
Aogeum,NA
Paquo,NA
Tuboezu,NA
Ixoqevea,NA
Meyuoz,NA
Akazudea,NA
Uxizek,NA
Cofaenos,NA
Redeogouu,NA
Ipaoe,NA
Azoea,NA
Vajiikou,NA
Umosi,NA
Muouuxa,NA
Uwufihuu,NA
Raseab,NA
Omequwoezo,NA
Eeagud,NA
Buriem,NA
Tifooi,NA
Owisodu,NA
Hegaubemek,NA
Aliwobe,NA
Selauyu,NA
Uoxaepe,NA
Opaiovii,NA
Ikueajae,NA
Tatue,NA
Aoizipeoda,NA
Divoo,NA
Nosai,NA
Atojotiana,NA
Zojuao,NA
Uaieeio,NA
Fiviapeeid,NA
Rudieke,NA
Tacoonaxej,NA
Hawoejici,NA
Guguegero,NA
Ecopipia,NA
Oguqiriuno,NA
Riwoul,NA
Iooted,NA
Eyujijuege,NA
Amexusia,NA
Yucaabe,NA
Qogaoyel,NA
Yuoauxiwo,NA
Eiuzo,NA
Ubukodiu,NA
Weiuihemo,NA
Xooioqutaz,NA
Ieanudei,NA
Heqiisicu,NA
Iefuelik,NA
Iwosoueox,NA
Amomiciex,NA
Idociki,NA
Axukumuas,NA
Poleiqoy,NA
